{
  "minecraft:adventure/root": {
    "criteria": {
      "killed_something": "2020-02-04 22:08:14 +0100"
    },
    "done": true
  },
  "minecraft:adventure/kill_a_mob": {
    "criteria": {
      "slime": "2020-02-04 22:08:14 +0100"
    },
    "done": true
  },
  "minecraft:adventure/kill_all_mobs": {
    "criteria": {
      "slime": "2020-02-04 22:08:14 +0100"
    },
    "done": false
  },
  "minecraft:adventure/adventuring_time": {
    "criteria": {
      "plains": "2020-02-04 21:59:33 +0100"
    },
    "done": false
  }
}